{"cameraMode":{"drawMode":0,"name":"Shaded","section":"Shading Mode"},"sceneLighting":true,"audioPlay":false,"sceneViewState":{"showFog":true,"showMaterialUpdate":true,"showSkybox":true,"showFlares":true,"showImageEffects":true,"showParticleSystems":true},"in2DMode":false,"pivot":{"x":-3.78165340423584,"y":-3.110161304473877,"z":13.046165466308594},"rotation":{"x":-0.03247569128870964,"y":0.8909550309181213,"z":-0.06453680992126465,"w":-0.448323130607605},"size":11.127446174621582,"orthographic":false}